id,name,factor,category_id/id,rounding,uom_type
init.162264AAAAAAAAAAAAAAAAAAAAAAAAAAAAAA,International units,1,uom.product_uom_categ_unit,0.01,Bigger than the reference Unit of Measure
init.162362AAAAAAAAAAAAAAAAAAAAAAAAAAAAAA,Kilogram,1,uom.product_uom_categ_unit,0.01,Bigger than the reference Unit of Measure
init.162263AAAAAAAAAAAAAAAAAAAAAAAAAAAAAA,Milliliter,1,uom.product_uom_categ_unit,0.01,Bigger than the reference Unit of Measure
init.162356AAAAAAAAAAAAAAAAAAAAAAAAAAAAAA,Drop,1,uom.product_uom_categ_unit,0.01,Bigger than the reference Unit of Measure
init.162374AAAAAAAAAAAAAAAAAAAAAAAAAAAAAA,Scoopful,1,uom.product_uom_categ_unit,0.01,Smaller than the reference Unit of Measure
init.162371AAAAAAAAAAAAAAAAAAAAAAAAAAAAAA,Pint,1,uom.product_uom_categ_unit,0.01,Bigger than the reference Unit of Measure
init.162363AAAAAAAAAAAAAAAAAAAAAAAAAAAAAA,Lozenge,1,uom.product_uom_categ_unit,0.01,Bigger than the reference Unit of Measure
init.162372AAAAAAAAAAAAAAAAAAAAAAAAAAAAAA,Puff,1,uom.product_uom_categ_unit,0.01,Bigger than the reference Unit of Measure
init.162382AAAAAAAAAAAAAAAAAAAAAAAAAAAAAA,Vial,1,uom.product_uom_categ_unit,0.01,Smaller than the reference Unit of Measure
init.162360AAAAAAAAAAAAAAAAAAAAAAAAAAAAAA,Gum,1,uom.product_uom_categ_unit,0.01,Bigger than the reference Unit of Measure
init.161554AAAAAAAAAAAAAAAAAAAAAAAAAAAAAA,Gram,1,uom.product_uom_categ_unit,0.01,Bigger than the reference Unit of Measure
init.161553AAAAAAAAAAAAAAAAAAAAAAAAAAAAAA,Milligram,1,uom.product_uom_categ_unit,0.01,Smaller than the reference Unit of Measure
init.162361AAAAAAAAAAAAAAAAAAAAAAAAAAAAAA,Inch,1,uom.product_uom_categ_unit,0.01,Bigger than the reference Unit of Measure
init.162357AAAAAAAAAAAAAAAAAAAAAAAAAAAAAA,Enema,1,uom.product_uom_categ_unit,0.01,Smaller than the reference Unit of Measure
init.162375AAAAAAAAAAAAAAAAAAAAAAAAAAAAAA,Spray,1,uom.product_uom_categ_unit,0.01,Smaller than the reference Unit of Measure
init.1518AAAAAAAAAAAAAAAAAAAAAAAAAAAAAAAA,Suppository,1,uom.product_uom_categ_unit,0.01,Bigger than the reference Unit of Measure
init.162380AAAAAAAAAAAAAAAAAAAAAAAAAAAAAA,Tube,1,uom.product_uom_categ_unit,0.01,Bigger than the reference Unit of Measure
init.162368AAAAAAAAAAAAAAAAAAAAAAAAAAAAAA,Nebulizer,1,uom.product_uom_categ_unit,0.01,Bigger than the reference Unit of Measure
init.162373AAAAAAAAAAAAAAAAAAAAAAAAAAAAAA,Ring pessary,1,uom.product_uom_categ_unit,0.01,Bigger than the reference Unit of Measure
init.162354AAAAAAAAAAAAAAAAAAAAAAAAAAAAAA,Can,1,uom.product_uom_categ_unit,0.01,Bigger than the reference Unit of Measure
init.162358AAAAAAAAAAAAAAAAAAAAAAAAAAAAAA,Fluid ounce,1,uom.product_uom_categ_unit,0.01,Bigger than the reference Unit of Measure
init.162381AAAAAAAAAAAAAAAAAAAAAAAAAAAAAA,Unit,1,uom.product_uom_categ_unit,0.01,Bigger than the reference Unit of Measure
init.162359AAAAAAAAAAAAAAAAAAAAAAAAAAAAAA,Gallon,1,uom.product_uom_categ_unit,0.01,Bigger than the reference Unit of Measure
init.162378AAAAAAAAAAAAAAAAAAAAAAAAAAAAAA,Tablespoon,1,uom.product_uom_categ_unit,0.01,Bigger than the reference Unit of Measure
init.162365AAAAAAAAAAAAAAAAAAAAAAAAAAAAAA,Metric drop,1,uom.product_uom_categ_unit,0.01,Bigger than the reference Unit of Measure
init.162376AAAAAAAAAAAAAAAAAAAAAAAAAAAAAA,Application,1,uom.product_uom_categ_unit,0.01,Bigger than the reference Unit of Measure
init.162262AAAAAAAAAAAAAAAAAAAAAAAAAAAAAA,Liter,1,uom.product_uom_categ_unit,0.01,Bigger than the reference Unit of Measure
init.1608AAAAAAAAAAAAAAAAAAAAAAAAAAAAAAAA,Capsule,1,uom.product_uom_categ_unit,0.01,Bigger than the reference Unit of Measure
init.162364AAAAAAAAAAAAAAAAAAAAAAAAAAAAAA,Milliequivalent,1,uom.product_uom_categ_unit,0.01,Bigger than the reference Unit of Measure
init.162367AAAAAAAAAAAAAAAAAAAAAAAAAAAAAA,Million units,1,uom.product_uom_categ_unit,0.01,Bigger than the reference Unit of Measure
init.162369AAAAAAAAAAAAAAAAAAAAAAAAAAAAAA,Pad,1,uom.product_uom_categ_unit,0.01,Bigger than the reference Unit of Measure
init.162351AAAAAAAAAAAAAAAAAAAAAAAAAAAAAA,Bar,1,uom.product_uom_categ_unit,0.01,Bigger than the reference Unit of Measure
init.165171AAAAAAAAAAAAAAAAAAAAAAAAAAAAAA,Milligram per meter squared,1,uom.product_uom_categ_unit,0.01,Bigger than the reference Unit of Measure
init.162370AAAAAAAAAAAAAAAAAAAAAAAAAAAAAA,Patch,1,uom.product_uom_categ_unit,0.01,Bigger than the reference Unit of Measure
init.162383AAAAAAAAAAAAAAAAAAAAAAAAAAAAAA,Biscuit wafer,1,uom.product_uom_categ_unit,0.01,Bigger than the reference Unit of Measure
init.162355AAAAAAAAAAAAAAAAAAAAAAAAAAAAAA,Container,1,uom.product_uom_categ_unit,0.01,Bigger than the reference Unit of Measure
init.1513AAAAAAAAAAAAAAAAAAAAAAAAAAAAAAAA,Tablet,1,uom.product_uom_categ_unit,0.01,Bigger than the reference Unit of Measure
init.162379AAAAAAAAAAAAAAAAAAAAAAAAAAAAAA,Teaspoon,1,uom.product_uom_categ_unit,0.01,Bigger than the reference Unit of Measure
init.162377AAAAAAAAAAAAAAAAAAAAAAAAAAAAAA,Syringe,1,uom.product_uom_categ_unit,0.01,Bigger than the reference Unit of Measure
init.162335AAAAAAAAAAAAAAAAAAAAAAAAAAAAAA,Ampule(s),1,uom.product_uom_categ_unit,0.01,Bigger than the reference Unit of Measure
init.162366AAAAAAAAAAAAAAAAAAAAAAAAAAAAAA,Microgram,1,uom.product_uom_categ_unit,0.01,Bigger than the reference Unit of Measure
init.162401AAAAAAAAAAAAAAAAAAAAAAAAAAAAAA,Kit,1,uom.product_uom_categ_unit,0.01,Bigger than the reference Unit of Measure
init.162400AAAAAAAAAAAAAAAAAAAAAAAAAAAAAA,Inhaler,1,uom.product_uom_categ_unit,0.01,Bigger than the reference Unit of Measure
init.162399AAAAAAAAAAAAAAAAAAAAAAAAAAAAAA,Each,1,uom.product_uom_categ_unit,0.01,Bigger than the reference Unit of Measure
init.162398AAAAAAAAAAAAAAAAAAAAAAAAAAAAAA,Dose pack,1,uom.product_uom_categ_unit,0.01,Bigger than the reference Unit of Measure
init.162397AAAAAAAAAAAAAAAAAAAAAAAAAAAAAA,Cartridge,1,uom.product_uom_categ_unit,0.01,Bigger than the reference Unit of Measure
init.162396AAAAAAAAAAAAAAAAAAAAAAAAAAAAAA,Box,1,uom.product_uom_categ_unit,0.01,Bigger than the reference Unit of Measure
init.162395AAAAAAAAAAAAAAAAAAAAAAAAAAAAAA,Bag,1,uom.product_uom_categ_unit,0.01,Bigger than the reference Unit of Measure
init.1514AAAAAAAAAAAAAAAAAAAAAAAAAAAAAAAA,Packets,1,uom.product_uom_categ_unit,0.01,Bigger than the reference Unit of Measure
init.snomed_ct-413516001,Ampule(s),1,uom.product_uom_categ_unit,0.01,Bigger than the reference Unit of Measure
init.snomed_ct-413568008,Application,1,uom.product_uom_categ_unit,0.01,Bigger than the reference Unit of Measure
init.snomed_ct-428003006,Bar,1,uom.product_uom_categ_unit,0.01,Bigger than the reference Unit of Measure
init.snomed_ct-226557000,Biscuit wafer,1,uom.product_uom_categ_unit,0.01,Bigger than the reference Unit of Measure
init.snomed_ct-429308001,Can,1,uom.product_uom_categ_unit,0.01,Bigger than the reference Unit of Measure
init.snomed_ct-428641000,Capsule,1,uom.product_uom_categ_unit,0.01,Bigger than the reference Unit of Measure
init.snomed_ct-408103002,Container,1,uom.product_uom_categ_unit,0.01,Bigger than the reference Unit of Measure
init.snomed_ct-404218003,Drop,1,uom.product_uom_categ_unit,0.01,Bigger than the reference Unit of Measure
init.snomed_ct-385186005,Enema,1,uom.product_uom_categ_unit,0.01,Smaller than the reference Unit of Measure
init.snomed_ct-282118007,Fluid ounce,1,uom.product_uom_categ_unit,0.01,Bigger than the reference Unit of Measure
init.snomed_ct-282120005,Gallon,1,uom.product_uom_categ_unit,0.01,Bigger than the reference Unit of Measure
init.snomed_ct-258682000,Gram,1,uom.product_uom_categ_unit,0.01,Bigger than the reference Unit of Measure
init.snomed_ct-430281005,Gum,1,uom.product_uom_categ_unit,0.01,Bigger than the reference Unit of Measure
init.snomed_ct-258677007,Inch,1,uom.product_uom_categ_unit,0.01,Bigger than the reference Unit of Measure
init.snomed_ct-258997004,International units,1,uom.product_uom_categ_unit,0.01,Bigger than the reference Unit of Measure
init.snomed_ct-258683005,Kilogram,1,uom.product_uom_categ_unit,0.01,Bigger than the reference Unit of Measure
init.snomed_ct-258770004,Liter,1,uom.product_uom_categ_unit,0.01,Bigger than the reference Unit of Measure
init.snomed_ct-429587008,Lozenge,1,uom.product_uom_categ_unit,0.01,Bigger than the reference Unit of Measure
init.snomed_ct-258727004,Milliequivalent,1,uom.product_uom_categ_unit,0.01,Bigger than the reference Unit of Measure
init.snomed_ct-258685003,Microgram,1,uom.product_uom_categ_unit,0.01,Bigger than the reference Unit of Measure
init.snomed_ct-258684004,Milligram,1,uom.product_uom_categ_unit,0.01,Smaller than the reference Unit of Measure
init.snomed_ct-396174004,Milligram per meter squared,1,uom.product_uom_categ_unit,0.01,Bigger than the reference Unit of Measure
init.snomed_ct-258773002,Milliliter,1,uom.product_uom_categ_unit,0.01,Bigger than the reference Unit of Measure
init.snomed_ct-396186001,Million units,1,uom.product_uom_categ_unit,0.01,Bigger than the reference Unit of Measure
init.snomed_ct-334947002,Nebulizer,1,uom.product_uom_categ_unit,0.01,Bigger than the reference Unit of Measure
init.snomed_ct-421823004,Pad,1,uom.product_uom_categ_unit,0.01,Bigger than the reference Unit of Measure
init.snomed_ct-419702001,Patch,1,uom.product_uom_categ_unit,0.01,Bigger than the reference Unit of Measure
init.snomed_ct-282119004,Pint,1,uom.product_uom_categ_unit,0.01,Bigger than the reference Unit of Measure
init.snomed_ct-415215001,Puff,1,uom.product_uom_categ_unit,0.01,Bigger than the reference Unit of Measure
init.snomed_ct-336782009,Ring pessary,1,uom.product_uom_categ_unit,0.01,Bigger than the reference Unit of Measure
init.snomed_ct-415505006,Scoopful,1,uom.product_uom_categ_unit,0.01,Smaller than the reference Unit of Measure
init.snomed_ct-419694003,Spray,1,uom.product_uom_categ_unit,0.01,Smaller than the reference Unit of Measure
init.snomed_ct-385194003,Suppository,1,uom.product_uom_categ_unit,0.01,Bigger than the reference Unit of Measure
init.snomed_ct-61968008,Syringe,1,uom.product_uom_categ_unit,0.01,Bigger than the reference Unit of Measure
init.snomed_ct-385055001,Tablet,1,uom.product_uom_categ_unit,0.01,Bigger than the reference Unit of Measure
init.snomed_ct-415702006,Tablespoon,1,uom.product_uom_categ_unit,0.01,Bigger than the reference Unit of Measure
init.snomed_ct-415703001,Teaspoon,1,uom.product_uom_categ_unit,0.01,Bigger than the reference Unit of Measure
init.snomed_ct-418530008,Tube,1,uom.product_uom_categ_unit,0.01,Bigger than the reference Unit of Measure
init.snomed_ct-258666001,Unit,1,uom.product_uom_categ_unit,0.01,Bigger than the reference Unit of Measure
init.snomed_ct-415818006,Vial,1,uom.product_uom_categ_unit,0.01,Smaller than the reference Unit of Measure
